{
  "version" : 1,
  "fonts" : [
    {
      "font_format": "ttf",
      "font_name": "MinecraftTen",
      "version": 1,
      "font_file": "font/minecraft-ten",
      "lowPerformanceCompatible": false
    },
    {
      "font_format": "ttf",
      "font_name": "CustomFont",
      "version": 1,
      "font_file": "font/custom-font",
      "lowPerformanceCompatible": false
    }
  ],
  "font_aliases" : [
    {
      "alias" : "SmoothFontLatin", 

      "fonts" : [
        {
          "font_reference" : "UnicodeFont"
        }
      ]
    },
    {
      "alias": "SmoothWithEmoticons",
      "fonts": [
        {
          "font_reference": "UnicodeFont"
        }
      ]
    },
    {
      "alias": "MinecraftTenEmoticon",
      "fonts": [
        {
          "font_reference": "MinecraftTen"
        },
        {
          "font_reference": "unicode",
          "font_ranges": [
            {
              "first": 57344,
              "last": 63743
            }
          ]
        }
      ]
    },
    {
      "alias": "SmoothSmall",
      "font_scale_factor_override": 1.0,
      "fonts": [
        {
          "font_reference": "UnicodeFont"
        },
        {
          "font_reference": "CustomFont"
        }
      ]
    }
  ]    
}
